asin,name,url
B0FHW59Z3Q,GLUN® Naam Jap Counter Digital Tally Counter | Finger Ring Chanting Counter for ,https://www.amazon.in/dp/B0FHW59Z3Q
B08L7G5GG5,"FASHNEX Resistance Bands, Pull Up Assist Exercise Band, Perfect for Mobility, Bo",https://www.amazon.in/dp/B08L7G5GG5
B0GHJQ27W1,Wall Mounted Pull Up Bar for Home Workout | No-Screw Installation | Anti-Skid Gr,https://www.amazon.in/dp/B0GHJQ27W1
B0GH6ZMXDL,Poco M8 5G Frost Silver 6GB RAM 128GB ROM,https://www.amazon.in/dp/B0GH6ZMXDL
B0H1WX51F1,"iQOO Z11 Lite 44W 5G (Solar Flame, 6GB RAM, 128GB Storage) | 6500mAh Battery wit",https://www.amazon.in/dp/B0H1WX51F1
B0GRGY8GTV,TheGiftKart Crystal Clear Back Cover Case for Motorola Moto Edge 70 Fusion 5G | ,https://www.amazon.in/dp/B0GRGY8GTV
B0DY7GK5Q9,WiseLife Lotus Alignment 10mm Yoga Mat with Strap | Non-Slip Thick Exercise Mat ,https://www.amazon.in/dp/B0DY7GK5Q9
B0GF7KP4R9,"DIZORO® Compatible with iPhone 13 Case, Liquid Silicone Case, Full Body Protecti",https://www.amazon.in/dp/B0GF7KP4R9
B0G2H4R5YB,"Kratos TW02 Ear Buds Wireless with 60H Playtime, Noise Isolation & Clear Calls, ",https://www.amazon.in/dp/B0G2H4R5YB
B0BW8TXJJ2,"boAt Nirvana Ion, 120HRS Battery, Crystal Bionic Sound w/Dual EQ Modes, 4Mics EN",https://www.amazon.in/dp/B0BW8TXJJ2
B0FP22HBH9,OpenTech® Military-Grade Tempered Glass Screen Protector Compatible for iPhone 1,https://www.amazon.in/dp/B0FP22HBH9
B0CF1M3PF9,Pikkme Flip Cover Leather Finish | Inside TPU with Card Pockets | Wallet Stand a,https://www.amazon.in/dp/B0CF1M3PF9
B0CJMGTMHS,"Nokia 105 Classic | Single SIM Keypad Phone with Built-in UPI Payments, Long-Las",https://www.amazon.in/dp/B0CJMGTMHS
B0G822MS12,"Samsung Galaxy M06 5G Mobile (Sage Green, 4GB RAM, 128GB Storage) | MediaTek Dim",https://www.amazon.in/dp/B0G822MS12
B08NDNX269,"Boldfit Resistance Tube with Foam Handles, Door Anchor for Exercise & Stretching",https://www.amazon.in/dp/B08NDNX269
B0CFFBZ23F,Lifelong Protein Shaker|100% Leakproof Stylish Protein Shaker Bottle|Sipper Bott,https://www.amazon.in/dp/B0CFFBZ23F
B0F63BY6LT,"Kratos K9 Selfie Stick Tripod With Light, 67 inch /170CM Reinforced Tripod for M",https://www.amazon.in/dp/B0F63BY6LT
B0D9S87H53,"Ambrane Magsafe Wireless 10000Mah Fast Charging USB Type-C Input Power Bank, Str",https://www.amazon.in/dp/B0D9S87H53
B0DDHM6D3L,"Portronics Conch Theta C in Ear Type C Wired Earphones with in Line HD Mic, Powe",https://www.amazon.in/dp/B0DDHM6D3L
B0G81P4MPG,"Samsung Galaxy M17 5G Mobile (Sapphire Black, 6GB RAM, 128GB Storage) | 50MP OIS",https://www.amazon.in/dp/B0G81P4MPG
B0DZBYLWXW,"SADRUCHI Digital Magnetic Multi-Function Timer Clock with Large LCD Display, Lou",https://www.amazon.in/dp/B0DZBYLWXW
B0FVFJHZBP,"YATWIN Silicone Case for iPhone 17, Soft-Touch, Shockproof, DustProof, Antiskid ",https://www.amazon.in/dp/B0FVFJHZBP
B0GWCT5Q6K,POPIO Military-Grade Gorilla Tempered Glass for OnePlus Nord 6 / OnePlus Nord CE,https://www.amazon.in/dp/B0GWCT5Q6K
B07D4T4YT2,"Spotzero by Milton Prime Stainless Steel Wringer Spin Mop with Big Wheel, Puller",https://www.amazon.in/dp/B07D4T4YT2
B07RPLT5T6,"AO Smith Geyser 15 Ltr With 5 Star BEE Rating, Vertical Water Heater | Geyser 15",https://www.amazon.in/dp/B07RPLT5T6
B076DC73XF,AllExtreme ‎CYL-06-T Multi-Purpose Bike Chain Cleaner Brush with Soft & Long Bri,https://www.amazon.in/dp/B076DC73XF
B083VZT9PZ,"SPARNOD FITNESS SMB-100 Mini Cycle Pedal Exerciser with Fixing Strap, Adjustable",https://www.amazon.in/dp/B083VZT9PZ
B0000C73CQ,Fujifilm Instax Mini Picture Format Film (20 Shots),https://www.amazon.in/dp/B0000C73CQ
B0H4CZCKRT,"WONDWILD Smart Multipurpose Foldable Laptop Table with Cup Holder, Study Table, ",https://www.amazon.in/dp/B0H4CZCKRT
B0GNGZ6FBB,LiMETRO STEEL Foldable Clothes Drying Stand for Balcony & Indoor Use | Heavy Dut,https://www.amazon.in/dp/B0GNGZ6FBB
